Crash Number,Date Time,Day Of Week,Object 1,Object 2,Street Number,Steet Name,Cross Street,Location
24658,2010-08-25 18:59:00,Wednesday,Taxi,Fixed Object,575,Memorial Dr,,"575 Memorial Dr Cambridge, Ma"
24667,2010-08-25 15:30:00,Wednesday,Auto,Auto,,Concord Ave,Bond St,"Concord Ave & Bond St Cambridge, Ma"
24668,2010-08-25 23:00:00,Wednesday,Auto,Auto,12,Fernald Dr,,"12 Fernald Dr Cambridge, Ma"
24669,2010-08-26 12:00:00,Thursday,Auto,Parked Vehicle,808,Memorial Dr,,"808 Memorial Dr Cambridge, Ma"
23638,2010-01-01 1:50:00,Friday,Auto,Auto,,Massachusetts Ave,Rindge Ave,"Massachusetts Ave & Rindge Ave Cambridge, Ma"
23639,2010-01-01 2:04:00,Friday,Taxi,Auto,,Cambridge St,Sciarappa St,"Cambridge St & Sciarappa St Cambridge, Ma"
23640,2010-01-01 3:59:00,Friday,Auto,Parked Vehicle,105,Coolidge Ave,,"105 Coolidge Ave Cambridge, Ma"
23641,2010-01-01 8:49:00,Friday,Auto,Parked Vehicle,,Western Ave,Howard St,"Western Ave & Howard St Cambridge, Ma"
25270,2010-01-01 11:00:00,Saturday,Auto,Parked Vehicle,350,Main St,,"350 Main St Cambridge, Ma"
23644,2010-01-02 0:00:00,Saturday,Auto,Parked Vehicle,91,Sherman St,,"91 Sherman St Cambridge, Ma"
23645,2010-01-03 0:00:00,Sunday,Auto,Auto,10,Clinton St,,"10 Clinton St Cambridge, Ma"
23654,2010-01-03 11:06:00,Sunday,Auto,Parked Vehicle,18,Belmont St,,"18 Belmont St Cambridge, Ma"
23677,2010-01-03 18:00:00,Sunday,Auto,Parked Vehicle,169,Monsignor Obrien Hwy,,"169 Monsignor Obrien Hwy Cambridge, Ma"
23651,2010-01-04 12:00:00,Monday,Auto,Parked Vehicle,1575,Cambridge St,,"1575 Cambridge St Cambridge, Ma"
23652,2010-01-04 22:12:00,Monday,Auto,Auto,2360,Massachusetts Ave,Dudley St,"2360 Massachusetts Ave Cambridge, Ma"
23659,2010-01-06 7:56:00,Wednesday,Auto,Parked Vehicle,16,Mead St,,"16 Mead St Cambridge, Ma"
23657,2010-01-07 0:00:00,Thursday,Auto,Parked Vehicle,40,Granite St,,"40 Granite St Cambridge, Ma"
23660,2010-01-07 8:29:00,Thursday,Auto,Parked Vehicle,16,Magnolia Ave,,"16 Magnolia Ave Cambridge, Ma"
23686,2010-01-07 15:30:00,Thursday,Auto,Parked Vehicle,3,Suffolk St,Columbia St,"3 Suffolk St Cambridge, Ma"
23665,2010-01-08 10:30:00,Friday,Auto,Auto,57,Inman St,Broadway,"57 Inman St Cambridge, Ma"
23667,2010-01-08 13:28:00,Friday,Auto,Truck,,Cambridge St,Hampshire St,"Cambridge St & Hampshire St Cambridge, Ma"
23668,2010-01-08 17:51:00,Friday,Auto,Auto,220,Massachusetts Ave,,"220 Massachusetts Ave Cambridge, Ma"
23679,2010-01-08 14:45:00,Friday,Auto,Auto,32,Albany St,,"32 Albany St Cambridge, Ma"
23675,2010-01-09 18:00:00,Saturday,Taxi,Fixed Object,281,Broadway,,"281 Broadway Cambridge, Ma"
23670,2010-01-10 9:00:00,Sunday,Auto,Auto,,Cambridge St,Cardinal Medeiros Ave,"Cambridge St & Cardinal Medeiros Ave Cambridge, Ma"